part_list_id,part_id,price,speed_boost
PARTLIST_5E6B2,PART_1F2BA,1386,12
PARTLIST_5E6B2,PART_95365,1546,10
PARTLIST_5E6B2,PART_F22BA,1379,6
PARTLIST_5E6B2,PART_53B7E,2566,35
PARTLIST_5E6B2,PART_192AB,237,18
PARTLIST_5E6B2,PART_88DA2,4870,33
PARTLIST_5E6B2,PART_61E4D,508,20
PARTLIST_5E6B2,PART_5B0BA,3886,23
PARTLIST_5E6B2,PART_41D84,1294,6
PARTLIST_5E6B2,PART_3CC7F,51,20
PARTLIST_5E6B2,PART_8A56E,2254,20
PARTLIST_5E6B2,PART_98849,4347,56
PARTLIST_5E6B2,PART_D3E82,4053,48
PARTLIST_5E6B2,PART_24982,2721,28
PARTLIST_5E6B2,PART_E8B10,1166,7
PARTLIST_5E6B2,PART_397FA,4175,47
PARTLIST_5E6B2,PART_D2E14,1997,16
PARTLIST_5E6B2,PART_78B26,1414,10
PARTLIST_5E6B2,PART_30990,421,5
PARTLIST_5E6B2,PART_7735F,2316,22
PARTLIST_5E6B2,PART_7A936,2370,30
PARTLIST_5E6B2,PART_97964,1478,6
PARTLIST_5E6B2,PART_094D4,2915,22
PARTLIST_5E6B2,PART_7A59F,4124,43
PARTLIST_5E6B2,PART_5EB0D,2305,20
PARTLIST_5E6B2,PART_9A6A0,2022,23
PARTLIST_5E6B2,PART_DAE73,157,11
PARTLIST_5E6B2,PART_4AA02,3118,20
PARTLIST_5E6B2,PART_52C94,3173,36
PARTLIST_5E6B2,PART_E0E8A,1963,12
PARTLIST_5E6B2,PART_7FBD2,727,18
PARTLIST_5E6B2,PART_5FF37,4290,30
PARTLIST_5E6B2,PART_B4DBB,3800,39
PARTLIST_5E6B2,PART_0D5C3,3778,39
PARTLIST_5E6B2,PART_A709B,1586,7
PARTLIST_5E6B2,PART_80534,2768,24
PARTLIST_5E6B2,PART_CD152,3828,20
PARTLIST_5E6B2,PART_35DE7,821,17
PARTLIST_5E6B2,PART_97C4B,554,12
PARTLIST_5E6B2,PART_58E62,4467,70
PARTLIST_5E6B2,PART_4E4B3,863,16
PARTLIST_5E6B2,PART_6A044,4713,69
PARTLIST_5E6B2,PART_5DF88,2003,28
PARTLIST_5E6B2,PART_FBE2E,458,5
PARTLIST_5E6B2,PART_E33E9,1418,13
PARTLIST_5E6B2,PART_570B5,791,20
PARTLIST_5E6B2,PART_6CD84,2034,35
PARTLIST_5E6B2,PART_92A79,3297,33
PARTLIST_5E6B2,PART_AB3E2,458,14
PARTLIST_5E6B2,PART_12DF8,4290,36
PARTLIST_5E6B2,PART_317E2,2443,20
PARTLIST_5E6B2,PART_1D043,697,9
PARTLIST_5E6B2,PART_10826,4253,45
PARTLIST_5E6B2,PART_09F9F,2272,25
PARTLIST_5E6B2,PART_ABCDE,4707,46
PARTLIST_5E6B2,PART_EF493,2022,34
PARTLIST_5E6B2,PART_B1AB1,1468,16
PARTLIST_5E6B2,PART_1CDCD,2300,21
PARTLIST_5E6B2,PART_C69A8,3159,32
PARTLIST_5E6B2,PART_B3550,544,15
PARTLIST_5E6B2,PART_185C0,4444,57
PARTLIST_06D40,PART_C5965,2725,32
PARTLIST_06D40,PART_FB49F,2438,32
PARTLIST_06D40,PART_FAEF0,3834,25
PARTLIST_06D40,PART_D1F93,2539,27
PARTLIST_06D40,PART_49557,1955,17
PARTLIST_06D40,PART_F9EB9,1328,6
PARTLIST_06D40,PART_3201B,3219,24
PARTLIST_06D40,PART_8A063,2102,20
PARTLIST_06D40,PART_AD947,858,9
PARTLIST_06D40,PART_734BA,2643,26
PARTLIST_06D40,PART_3C639,924,19
PARTLIST_06D40,PART_7A31E,74,13
PARTLIST_06D40,PART_DA740,2227,30
PARTLIST_06D40,PART_5DFD7,1604,6
PARTLIST_06D40,PART_5D388,236,19
PARTLIST_06D40,PART_BBEA0,2324,24
PARTLIST_06D40,PART_69FBC,1579,18
PARTLIST_06D40,PART_B787B,4695,31
PARTLIST_06D40,PART_C7BDE,1027,20
PARTLIST_06D40,PART_9FEF7,2694,29
PARTLIST_06D40,PART_43A7D,120,10
PARTLIST_06D40,PART_63B73,701,12
PARTLIST_06D40,PART_04F8A,2153,31
PARTLIST_06D40,PART_4A0B9,618,6
PARTLIST_06D40,PART_3F16F,284,11
PARTLIST_06D40,PART_8CE3C,1921,6
PARTLIST_06D40,PART_E7DF1,2465,25
PARTLIST_06D40,PART_BCECA,4208,52
PARTLIST_06D40,PART_8F0FB,1300,14
PARTLIST_06D40,PART_4AD11,4587,33
PARTLIST_06D40,PART_A1D13,4827,56
PARTLIST_06D40,PART_AC157,156,9
PARTLIST_06D40,PART_0C8CB,3638,30
PARTLIST_06D40,PART_6E3EF,4257,55
PARTLIST_06D40,PART_5C66D,4134,35
PARTLIST_06D40,PART_8664D,4687,46
PARTLIST_06D40,PART_36C86,270,13
PARTLIST_06D40,PART_2D260,3606,30
PARTLIST_06D40,PART_07EB4,1113,5
PARTLIST_06D40,PART_44172,3572,36
PARTLIST_06D40,PART_FD2CC,2694,21
PARTLIST_06D40,PART_AC573,391,5
PARTLIST_06D40,PART_DB341,154,8
PARTLIST_06D40,PART_52868,2217,33
PARTLIST_06D40,PART_5CC37,455,14
PARTLIST_06D40,PART_9683D,1532,12
PARTLIST_06D40,PART_8A2A4,3565,27
PARTLIST_06D40,PART_605AD,1454,18
PARTLIST_06D40,PART_DB3F1,2160,20
PARTLIST_06D40,PART_A79F7,3241,28
PARTLIST_06D40,PART_7C50D,3179,33
PARTLIST_06D40,PART_A85D4,2812,25
PARTLIST_06D40,PART_4705E,4092,61
PARTLIST_06D40,PART_77C6F,2505,37
PARTLIST_06D40,PART_21DE2,1765,19
PARTLIST_06D40,PART_DB27A,3411,36
PARTLIST_06D40,PART_744FC,3041,30
PARTLIST_06D40,PART_69EBE,4558,53
PARTLIST_06D40,PART_81BE0,2229,36
PARTLIST_06D40,PART_26B70,28,17
PARTLIST_06D40,PART_44DF2,4149,67
PARTLIST_06D40,PART_86E72,4800,34
PARTLIST_06D40,PART_BD2D5,226,16
PARTLIST_06D40,PART_1B646,1955,16
PARTLIST_06D40,PART_7AA52,149,13
PARTLIST_06D40,PART_31AFB,1170,18
PARTLIST_06D40,PART_3D60E,4880,54
PARTLIST_06D40,PART_AA682,952,9
PARTLIST_22C76,PART_8F616,416,12
PARTLIST_22C76,PART_2E50A,4596,66
PARTLIST_22C76,PART_7D464,3733,23
PARTLIST_22C76,PART_1258E,722,11
PARTLIST_22C76,PART_B9EC1,4555,52
PARTLIST_22C76,PART_032DE,1318,10
PARTLIST_22C76,PART_9462E,1277,11
PARTLIST_22C76,PART_E20F1,3276,20
PARTLIST_22C76,PART_D7161,898,20
PARTLIST_22C76,PART_CAECF,501,15
PARTLIST_22C76,PART_99169,3909,35
PARTLIST_22C76,PART_DAF8C,3138,34
PARTLIST_22C76,PART_B776D,1762,16
PARTLIST_22C76,PART_F09D9,1825,20
PARTLIST_22C76,PART_47431,260,19
PARTLIST_22C76,PART_8209D,1669,7
PARTLIST_22C76,PART_3FC3D,3059,32
PARTLIST_22C76,PART_E7A10,3609,32
PARTLIST_22C76,PART_A04AB,527,18
PARTLIST_22C76,PART_C0236,2213,34
PARTLIST_22C76,PART_59F87,1914,12
PARTLIST_22C76,PART_1E81F,532,16
PARTLIST_22C76,PART_61E2F,3146,37
PARTLIST_22C76,PART_54F92,1376,11
PARTLIST_22C76,PART_7E9FB,104,9
PARTLIST_22C76,PART_32274,3833,22
PARTLIST_22C76,PART_7A4B2,4936,36
PARTLIST_22C76,PART_EFA7B,2677,20
PARTLIST_22C76,PART_FFFDA,725,17
PARTLIST_22C76,PART_AD8BB,923,17
PARTLIST_22C76,PART_F571B,4556,32
PARTLIST_22C76,PART_C3D97,970,7
PARTLIST_22C76,PART_7EFC3,2713,38
PARTLIST_22C76,PART_08C4C,2195,23
PARTLIST_22C76,PART_8ECAF,1955,14
PARTLIST_22C76,PART_40D77,1931,10
PARTLIST_22C76,PART_BD3F4,2169,29
PARTLIST_22C76,PART_27BF2,2582,35
PARTLIST_22C76,PART_50BEC,36,9
PARTLIST_22C76,PART_26B68,504,19
PARTLIST_22C76,PART_22B07,2044,36
PARTLIST_22C76,PART_9F99B,4787,40
PARTLIST_22C76,PART_C4B18,1710,14
PARTLIST_22C76,PART_479E2,4391,62
PARTLIST_22C76,PART_614CD,3639,20
PARTLIST_22C76,PART_E55A4,1211,11
PARTLIST_22C76,PART_8CB78,182,18
PARTLIST_22C76,PART_23633,514,19
PARTLIST_22C76,PART_A9E6E,1474,14
PARTLIST_22C76,PART_FCB8C,3647,35
PARTLIST_40F94,PART_1A09C,3698,31
PARTLIST_40F94,PART_7BF45,486,6
PARTLIST_40F94,PART_24E46,4530,33
PARTLIST_40F94,PART_DCE39,1532,10
PARTLIST_40F94,PART_236D5,688,16
PARTLIST_40F94,PART_21ADB,1149,10
PARTLIST_40F94,PART_C4F0B,1954,13
PARTLIST_40F94,PART_FD307,3007,28
PARTLIST_40F94,PART_E00A9,2096,27
PARTLIST_40F94,PART_AAC2F,3092,35
PARTLIST_40F94,PART_0E54B,3850,24
PARTLIST_40F94,PART_4E739,4338,41
PARTLIST_40F94,PART_2F9D0,3914,21
PARTLIST_40F94,PART_56B92,1885,11
PARTLIST_40F94,PART_90FAC,2186,35
PARTLIST_40F94,PART_12E78,115,7
PARTLIST_40F94,PART_B7EEF,3951,20
PARTLIST_40F94,PART_4B7F4,215,16
PARTLIST_40F94,PART_DAF93,4180,48
PARTLIST_40F94,PART_423D5,1444,14
PARTLIST_40F94,PART_D535C,2629,37
PARTLIST_40F94,PART_7E1F9,3238,39
PARTLIST_40F94,PART_25DAD,665,7
PARTLIST_40F94,PART_FA5CE,298,13
PARTLIST_40F94,PART_72424,3207,27
PARTLIST_40F94,PART_0F5CC,2080,28
PARTLIST_40F94,PART_E55A1,126,6
PARTLIST_40F94,PART_CD0E2,1409,18
PARTLIST_40F94,PART_E0E71,3481,21
PARTLIST_40F94,PART_7AE46,2028,37
PARTLIST_40F94,PART_4D223,2098,35
PARTLIST_40F94,PART_235B1,3891,23
PARTLIST_40F94,PART_61CA3,3842,26
PARTLIST_40F94,PART_D5F88,2128,35
PARTLIST_40F94,PART_C42D1,1909,9
PARTLIST_40F94,PART_48926,1869,14
PARTLIST_40F94,PART_7F6D0,4961,41
PARTLIST_40F94,PART_A6C1B,3252,29
PARTLIST_40F94,PART_7640D,4451,54
PARTLIST_40F94,PART_E1E31,1681,10
PARTLIST_40F94,PART_2D2F4,1559,16
PARTLIST_40F94,PART_D76C9,3883,40
PARTLIST_40F94,PART_F22C3,2342,28
PARTLIST_40F94,PART_D9E7A,3857,26
PARTLIST_40F94,PART_0AFCA,3796,33
PARTLIST_40F94,PART_3C89E,1899,7
PARTLIST_40F94,PART_FD948,3181,36
PARTLIST_40F94,PART_58027,461,11
PARTLIST_40F94,PART_3897F,4637,35
PARTLIST_40F94,PART_0ADF6,3888,34
PARTLIST_40F94,PART_3A737,2051,34
PARTLIST_40F94,PART_EE0A4,459,15
PARTLIST_40F94,PART_3E982,2253,37
PARTLIST_40F94,PART_B3D3E,4202,33
PARTLIST_40F94,PART_81F40,3106,33
PARTLIST_40F94,PART_3B25E,1344,16
PARTLIST_40F94,PART_18148,668,5
PARTLIST_40F94,PART_49CD9,3686,38
PARTLIST_40F94,PART_E0F9A,4605,69
PARTLIST_40F94,PART_5D96B,2819,32
PARTLIST_40F94,PART_9CDCB,2517,29
PARTLIST_40F94,PART_7C5F6,2402,23
PARTLIST_EE87C,PART_EABB2,472,18
PARTLIST_EE87C,PART_6B3F3,2070,31
PARTLIST_EE87C,PART_5342B,4470,44
PARTLIST_EE87C,PART_9C6A7,1297,18
PARTLIST_EE87C,PART_86207,2672,40
PARTLIST_EE87C,PART_16863,211,7
PARTLIST_EE87C,PART_0897C,1573,6
PARTLIST_EE87C,PART_7D13B,1723,6
PARTLIST_EE87C,PART_2FF75,2335,40
PARTLIST_EE87C,PART_E761E,2611,30
PARTLIST_EE87C,PART_32801,3862,34
PARTLIST_EE87C,PART_5252C,874,7
PARTLIST_EE87C,PART_C560A,734,14
PARTLIST_EE87C,PART_E60D2,1841,16
PARTLIST_EE87C,PART_5AF50,1278,19
PARTLIST_EE87C,PART_BE13E,4574,49
PARTLIST_EE87C,PART_04D71,742,17
PARTLIST_EE87C,PART_A4C63,1752,13
PARTLIST_EE87C,PART_F2438,3191,20
PARTLIST_EE87C,PART_5F718,4508,30
PARTLIST_EE87C,PART_1BBB2,2181,29
PARTLIST_EE87C,PART_395B8,3817,29
PARTLIST_EE87C,PART_8959D,1532,12
PARTLIST_EE87C,PART_A8E7B,4482,42
PARTLIST_EE87C,PART_D0BF3,2735,25
PARTLIST_EE87C,PART_B0F52,3810,36
PARTLIST_EE87C,PART_0123F,3722,25
PARTLIST_EE87C,PART_ADF35,4555,54
PARTLIST_EE87C,PART_F55F9,4264,40
PARTLIST_EE87C,PART_814F6,1129,17
PARTLIST_EE87C,PART_321B3,4616,64
PARTLIST_EE87C,PART_EF8A8,4478,68
PARTLIST_EE87C,PART_DFA6C,3185,20
PARTLIST_EE87C,PART_1DFD3,4843,34
PARTLIST_EE87C,PART_231FF,1691,12
PARTLIST_EE87C,PART_81060,1846,5
PARTLIST_EE87C,PART_10B34,2737,26
PARTLIST_33599,PART_8448E,1949,8
PARTLIST_33599,PART_78F91,1750,17
PARTLIST_33599,PART_DBD4F,3105,23
PARTLIST_33599,PART_D4A4B,2901,33
PARTLIST_33599,PART_9B658,3617,27
PARTLIST_33599,PART_8A222,3858,23
PARTLIST_33599,PART_B9776,4290,33
PARTLIST_33599,PART_3E834,1908,5
PARTLIST_33599,PART_E6C65,2945,36
PARTLIST_33599,PART_ABD1E,272,15
PARTLIST_33599,PART_B1CE0,4802,31
PARTLIST_33599,PART_78EBB,4004,68
PARTLIST_33599,PART_42EC3,3167,28
PARTLIST_33599,PART_2DF68,404,9
PARTLIST_33599,PART_9E38B,1566,20
PARTLIST_33599,PART_1D1AC,3140,34
PARTLIST_33599,PART_1C827,1027,13
PARTLIST_33599,PART_13D8B,704,5
PARTLIST_33599,PART_58F9B,3447,29
PARTLIST_33599,PART_4572A,2034,37
PARTLIST_33599,PART_11E63,508,10
PARTLIST_33599,PART_68494,1188,7
PARTLIST_33599,PART_FF357,4837,57
PARTLIST_33599,PART_3B38B,4880,34
PARTLIST_33599,PART_71844,684,15
PARTLIST_33599,PART_3ADF9,2064,31
PARTLIST_33599,PART_37863,902,16
PARTLIST_33599,PART_C10BB,4549,62
PARTLIST_33599,PART_AB950,2519,29
PARTLIST_33599,PART_DFFA6,1462,8
PARTLIST_33599,PART_0B54C,1879,13
PARTLIST_33599,PART_47ABC,2612,24
PARTLIST_33599,PART_2649A,2819,27
PARTLIST_33599,PART_EE723,1593,10
PARTLIST_33599,PART_BBB9B,3833,39
PARTLIST_33599,PART_6097F,2940,38
PARTLIST_33599,PART_B37EA,4107,36
PARTLIST_33599,PART_712DF,4627,48
PARTLIST_33599,PART_D8452,4227,40
PARTLIST_33599,PART_04D6B,837,5
PARTLIST_33599,PART_73149,1408,16
PARTLIST_33599,PART_1F75F,1393,6
PARTLIST_33599,PART_9724A,4523,60
PARTLIST_33599,PART_1107C,3554,35
PARTLIST_33599,PART_8B626,2518,27
PARTLIST_33599,PART_63555,2094,39
PARTLIST_33599,PART_8C9D5,126,18
PARTLIST_33599,PART_E193F,4157,44
PARTLIST_33599,PART_48CD4,765,7
PARTLIST_33599,PART_36778,2009,28
PARTLIST_33599,PART_65448,2693,36
PARTLIST_33599,PART_BDF4B,2035,22
PARTLIST_33599,PART_75C0E,3983,25
PARTLIST_33599,PART_2FBA0,3660,22
PARTLIST_33599,PART_75125,3434,26
PARTLIST_33599,PART_7BF06,813,14
PARTLIST_33599,PART_AC9B8,3769,26
PARTLIST_33599,PART_93F8F,3710,38
PARTLIST_33599,PART_D0219,4108,48
PARTLIST_33599,PART_4241E,1389,18
PARTLIST_33599,PART_F2DB8,2017,20
PARTLIST_33599,PART_8F1BD,448,20
PARTLIST_33599,PART_8F220,2315,26
PARTLIST_33599,PART_2B78A,885,13
PARTLIST_FCB9B,PART_A5005,882,14
PARTLIST_FCB9B,PART_A2E4D,3256,32
PARTLIST_FCB9B,PART_AEE00,4788,30
PARTLIST_FCB9B,PART_3C7D6,524,11
PARTLIST_FCB9B,PART_FCCFB,2454,36
PARTLIST_FCB9B,PART_ACBF3,1502,14
PARTLIST_FCB9B,PART_F5DDB,4743,57
PARTLIST_FCB9B,PART_26254,2750,28
PARTLIST_FCB9B,PART_F7574,561,15
PARTLIST_FCB9B,PART_03E12,3262,34
PARTLIST_FCB9B,PART_1F434,4527,66
PARTLIST_FCB9B,PART_36CB7,984,7
PARTLIST_FCB9B,PART_30ECC,2387,36
PARTLIST_FCB9B,PART_8C893,4509,40
PARTLIST_FCB9B,PART_D5EB6,2462,25
PARTLIST_FCB9B,PART_A45EB,3607,20
PARTLIST_FCB9B,PART_DD197,2860,26
PARTLIST_FCB9B,PART_405C0,4392,63
PARTLIST_FCB9B,PART_532D5,906,8
PARTLIST_FCB9B,PART_A208E,3882,20
PARTLIST_FCB9B,PART_513DB,3693,32
PARTLIST_FCB9B,PART_7839A,502,17
PARTLIST_FCB9B,PART_AB98B,2858,20
PARTLIST_FCB9B,PART_E4F13,3775,28
PARTLIST_FCB9B,PART_53C0E,3918,24
PARTLIST_FCB9B,PART_2320A,1890,12
PARTLIST_FCB9B,PART_8FE6D,252,19
PARTLIST_FCB9B,PART_0F995,2654,33
PARTLIST_FCB9B,PART_D4A83,1316,7
PARTLIST_FCB9B,PART_5E8FD,991,18
PARTLIST_FCB9B,PART_DD284,3435,35
PARTLIST_FCB9B,PART_8AF07,1630,14
PARTLIST_FCB9B,PART_5EA86,3315,26
PARTLIST_BC316,PART_194F6,3706,22
PARTLIST_BC316,PART_F1B00,1656,17
PARTLIST_BC316,PART_38700,3971,29
PARTLIST_BC316,PART_10264,2943,38
PARTLIST_BC316,PART_E3628,552,6
PARTLIST_BC316,PART_7B1E3,4153,70
PARTLIST_BC316,PART_A182E,531,6
PARTLIST_BC316,PART_0C4B6,1522,18
PARTLIST_BC316,PART_04936,4102,41
PARTLIST_BC316,PART_60E9F,2665,29
PARTLIST_BC316,PART_FFA53,652,14
PARTLIST_BC316,PART_5FC15,4813,43
PARTLIST_BC316,PART_42756,1669,15
PARTLIST_BC316,PART_FF9B8,2508,36
PARTLIST_BC316,PART_C7071,3459,38
PARTLIST_BC316,PART_3C8D9,717,7
PARTLIST_BC316,PART_AEE50,4598,43
PARTLIST_BC316,PART_11CDD,2606,35
PARTLIST_BC316,PART_BBCB3,4772,46
PARTLIST_BC316,PART_99262,1837,20
PARTLIST_BC316,PART_9280C,2467,26
PARTLIST_BC316,PART_0B395,2631,35
PARTLIST_BC316,PART_40F48,1220,20
PARTLIST_BC316,PART_CF36E,865,17
PARTLIST_BC316,PART_54344,1972,13
PARTLIST_BC316,PART_6402B,2928,32
PARTLIST_BC316,PART_622EA,1587,9
PARTLIST_BC316,PART_18986,1381,16
PARTLIST_BC316,PART_9F70A,2222,30
PARTLIST_BC316,PART_E17E8,105,17
PARTLIST_BC316,PART_A64B0,3917,21
PARTLIST_BC316,PART_4BE02,2662,23
PARTLIST_BC316,PART_F813C,3766,21
PARTLIST_BC316,PART_C8D64,2674,26
PARTLIST_BC316,PART_52EDE,93,20
PARTLIST_BC316,PART_15CA9,1057,19
PARTLIST_BC316,PART_FFCF4,3755,27
PARTLIST_BC316,PART_95558,539,6
PARTLIST_BC316,PART_C3672,2573,32
PARTLIST_BC316,PART_0CA2B,1235,15
PARTLIST_BC316,PART_812C1,4323,41
PARTLIST_BC316,PART_21633,4950,59
PARTLIST_BC316,PART_B6FA9,1552,17
PARTLIST_BC316,PART_CC8E9,601,13
PARTLIST_BC316,PART_7E13B,386,9
PARTLIST_BC316,PART_EE0C4,4971,55
PARTLIST_BC316,PART_AFED2,1100,11
PARTLIST_BC316,PART_DA5BE,1983,15
PARTLIST_BC316,PART_12774,1336,10
PARTLIST_BC316,PART_2C0AF,4530,45
PARTLIST_BC316,PART_B0AED,1292,14
PARTLIST_BC316,PART_1D95F,1258,17
PARTLIST_BC316,PART_3209D,344,17
PARTLIST_BC316,PART_48E09,3695,29
PARTLIST_BC316,PART_EAD78,4156,49
PARTLIST_BC316,PART_137B0,3365,28
PARTLIST_BC316,PART_655B6,2181,28
PARTLIST_BC316,PART_0E42F,2638,24
PARTLIST_BC316,PART_E173B,3812,21
PARTLIST_BC316,PART_9F10C,1216,10
PARTLIST_BC316,PART_61646,3511,40
PARTLIST_BC316,PART_38627,1334,15
PARTLIST_BC316,PART_70775,2373,21
PARTLIST_BC316,PART_506DD,701,13
PARTLIST_BC316,PART_81AA0,3334,39
PARTLIST_BC316,PART_A4CE6,2755,27
PARTLIST_BC316,PART_04389,3411,26
PARTLIST_BC316,PART_BDB32,1036,20
PARTLIST_BC316,PART_262D0,4442,30
PARTLIST_BC316,PART_EA890,1477,10
PARTLIST_BC316,PART_D13AB,2234,24
PARTLIST_BC316,PART_FF91B,3370,34
PARTLIST_BC316,PART_1FF3A,1164,16
PARTLIST_BC316,PART_1F266,12,15
PARTLIST_BC316,PART_20EC7,3936,34
PARTLIST_BC316,PART_42C6E,3177,21
PARTLIST_BC316,PART_D8919,2508,24
PARTLIST_BC316,PART_45456,2787,27
PARTLIST_BC316,PART_1F7E2,698,9
PARTLIST_BC316,PART_0792C,1572,19
PARTLIST_BC316,PART_395B5,2042,29
PARTLIST_BC316,PART_759C3,1407,10
PARTLIST_BC316,PART_1B4BD,2112,29
PARTLIST_BC316,PART_C889E,1024,6
PARTLIST_BC316,PART_B77DA,2684,25
PARTLIST_BC316,PART_C8529,3628,36
PARTLIST_BC316,PART_80DE4,2789,26
PARTLIST_BC316,PART_28D7E,1582,14
PARTLIST_BC316,PART_B0647,423,7
PARTLIST_BC316,PART_F4594,744,5
PARTLIST_BC316,PART_E2C93,4427,67
PARTLIST_BC316,PART_0646F,4663,58
PARTLIST_BC316,PART_DCE3F,172,7
PARTLIST_1C553,PART_D66F9,3832,34
PARTLIST_1C553,PART_F2AE8,1842,7
PARTLIST_1C553,PART_9224A,1309,5
PARTLIST_1C553,PART_85A23,3863,31
PARTLIST_1C553,PART_1E041,3920,33
PARTLIST_1C553,PART_83EA4,1254,9
PARTLIST_1C553,PART_0A8A0,2943,29
PARTLIST_1C553,PART_0BAC7,1345,17
PARTLIST_1C553,PART_DBC1A,218,8
PARTLIST_1C553,PART_9BF80,166,13
PARTLIST_1C553,PART_70FFF,3196,20
PARTLIST_1C553,PART_334F0,3557,26
PARTLIST_1C553,PART_43BFE,1719,10
PARTLIST_1C553,PART_4D967,2023,40
PARTLIST_1C553,PART_C5A0D,3267,39
PARTLIST_1C553,PART_C519F,2681,34
PARTLIST_1C553,PART_0DC42,3530,39
PARTLIST_1C553,PART_4238B,370,13
PARTLIST_1C553,PART_8656F,421,12
PARTLIST_1C553,PART_6EE92,4451,30
PARTLIST_1C553,PART_B94D9,1946,10
PARTLIST_1C553,PART_3C490,4982,54
PARTLIST_1C553,PART_CC114,2665,40
PARTLIST_1C553,PART_36736,388,8
PARTLIST_1C553,PART_93EC7,2199,29
PARTLIST_1C553,PART_1C58C,1296,7
PARTLIST_1C553,PART_D4366,4689,47
PARTLIST_1C553,PART_BFD5E,3069,31
PARTLIST_1C553,PART_8E3EA,1287,9
PARTLIST_1C553,PART_C6321,736,12
PARTLIST_1C553,PART_512B2,1589,15
PARTLIST_1C553,PART_732A4,2244,36
PARTLIST_1C553,PART_1CCA2,2606,36
PARTLIST_1C553,PART_052E8,752,20
PARTLIST_1C553,PART_26684,1657,11
PARTLIST_1C553,PART_9539C,3758,39
PARTLIST_1C553,PART_1758B,1038,15
PARTLIST_1C553,PART_4C4E8,1387,11
PARTLIST_1C553,PART_F8872,2777,34
PARTLIST_1C553,PART_74ACD,3034,28
PARTLIST_1C553,PART_F4F3F,2796,29
PARTLIST_1C553,PART_00B11,4968,56
PARTLIST_1C553,PART_AAB0E,1002,5
PARTLIST_BE973,PART_3965A,4119,64
PARTLIST_BE973,PART_7D01B,2496,32
PARTLIST_BE973,PART_0259F,2090,24
PARTLIST_BE973,PART_1307C,4038,52
PARTLIST_BE973,PART_F128A,2053,26
PARTLIST_BE973,PART_7A566,2932,27
PARTLIST_BE973,PART_9945C,1638,18
PARTLIST_BE973,PART_2BACC,3771,33
PARTLIST_BE973,PART_EB6C2,2052,30
PARTLIST_BE973,PART_EF3AA,1235,15
PARTLIST_BE973,PART_21464,2549,21
PARTLIST_BE973,PART_C0468,2844,36
PARTLIST_BE973,PART_13325,940,15
PARTLIST_BE973,PART_ED32B,930,8
PARTLIST_BE973,PART_8EE00,2253,24
PARTLIST_BE973,PART_72D1C,3640,31
PARTLIST_BE973,PART_B5693,3694,21
PARTLIST_BE973,PART_AE69F,3029,27
PARTLIST_BE973,PART_250B5,805,18
PARTLIST_BE973,PART_4C388,2492,36
PARTLIST_BE973,PART_53F9E,1479,18
PARTLIST_BE973,PART_5EF5E,3282,39
PARTLIST_BE973,PART_7E73D,3350,36
PARTLIST_BE973,PART_7D85E,3336,29
PARTLIST_BE973,PART_E1F41,1396,13
PARTLIST_BE973,PART_7929E,1564,18
PARTLIST_BE973,PART_11FBB,894,6
PARTLIST_BE973,PART_B4ACE,1298,5
PARTLIST_BE973,PART_AD23A,805,9
PARTLIST_BE973,PART_5562D,2595,22
PARTLIST_BE973,PART_E68CE,2891,31
PARTLIST_BE973,PART_90470,4606,43
PARTLIST_BE973,PART_4D35E,3821,30
PARTLIST_BE973,PART_D5369,581,9
PARTLIST_BE973,PART_CEEB7,2928,39
PARTLIST_BE973,PART_D5C61,1004,8
PARTLIST_BE973,PART_E1078,4760,60
PARTLIST_BE973,PART_DF990,923,18
PARTLIST_BE973,PART_C2A7A,2770,21
PARTLIST_BE973,PART_B24E5,4367,39
PARTLIST_BE973,PART_88052,2500,26
PARTLIST_BE973,PART_0A8B6,735,7
PARTLIST_BE973,PART_CBDDF,1294,5
PARTLIST_BE973,PART_F0F7E,4408,61
PARTLIST_BE973,PART_A3623,2980,34
PARTLIST_BE973,PART_409BE,2888,35
PARTLIST_BE973,PART_967CB,2783,25
PARTLIST_BE973,PART_FB42A,419,20
PARTLIST_BE973,PART_41A4B,583,20
PARTLIST_BE973,PART_EFB4B,10,15
PARTLIST_BE973,PART_76370,3834,27
PARTLIST_BE973,PART_BA1FE,3144,36
PARTLIST_BE973,PART_5097D,1783,17
PARTLIST_BE973,PART_F5B39,429,12
PARTLIST_BE973,PART_CC96A,614,9
PARTLIST_BE973,PART_E8CAA,2254,26
PARTLIST_BE973,PART_54963,1567,7
PARTLIST_BE973,PART_D5F3A,2713,25
PARTLIST_BE973,PART_1A234,3089,24
PARTLIST_BE973,PART_9BFAA,3125,39
PARTLIST_BE973,PART_0ABCF,2125,27
PARTLIST_BE973,PART_2B64F,4403,51
PARTLIST_BE973,PART_CB188,2968,37
PARTLIST_BE973,PART_ED422,4468,47
PARTLIST_BE973,PART_2ACFA,917,18
PARTLIST_BE973,PART_B6B69,2478,33
PARTLIST_BE973,PART_E3B56,1615,6
PARTLIST_BE973,PART_B9E10,867,8
PARTLIST_BE973,PART_8D55F,1279,9
PARTLIST_BE973,PART_599B4,4067,56
PARTLIST_BE973,PART_B0DBD,1637,8
PARTLIST_BE973,PART_E0532,3899,23
PARTLIST_BE973,PART_9EABC,4322,42
PARTLIST_BE973,PART_FF6A4,1227,9
PARTLIST_BE973,PART_869C5,1277,15
PARTLIST_BE973,PART_AE7ED,4722,58
PARTLIST_BE973,PART_BFB82,2158,31
PARTLIST_BE973,PART_EFD03,2357,29
PARTLIST_BE973,PART_2DE3F,4732,58
PARTLIST_BE973,PART_1878B,985,14
PARTLIST_BE973,PART_CE476,1165,14
PARTLIST_BE973,PART_A8FF4,195,15
PARTLIST_BE973,PART_B432E,3278,37
PARTLIST_BE973,PART_6F955,508,17
PARTLIST_BE973,PART_F22EE,2717,28
PARTLIST_BE973,PART_AE0F1,3557,33
PARTLIST_94AB8,PART_5AE04,3112,36
PARTLIST_94AB8,PART_FA793,2470,39
PARTLIST_94AB8,PART_8B65D,3676,28
PARTLIST_94AB8,PART_00261,96,8
PARTLIST_94AB8,PART_FD264,4818,47
PARTLIST_94AB8,PART_6C43F,2434,28
PARTLIST_94AB8,PART_DB025,4676,31
PARTLIST_94AB8,PART_E6313,2122,23
PARTLIST_94AB8,PART_4A844,794,13
PARTLIST_94AB8,PART_3B50D,400,6
PARTLIST_94AB8,PART_9C7C4,2252,24
PARTLIST_94AB8,PART_DE6E4,3275,30
PARTLIST_94AB8,PART_E3105,4518,59
PARTLIST_94AB8,PART_65FD1,3495,23
PARTLIST_94AB8,PART_542E2,803,11
PARTLIST_94AB8,PART_7200C,3490,27
PARTLIST_94AB8,PART_6FD8E,3168,20
PARTLIST_94AB8,PART_DDDB1,3700,23
PARTLIST_94AB8,PART_399BD,901,18
PARTLIST_94AB8,PART_926BD,96,10
PARTLIST_94AB8,PART_7FFC7,1811,11
PARTLIST_94AB8,PART_E62D1,2401,25
PARTLIST_94AB8,PART_17FCF,2551,30
PARTLIST_94AB8,PART_DCC48,3988,21
PARTLIST_94AB8,PART_0E2DC,203,9
PARTLIST_94AB8,PART_AC7E2,966,20
PARTLIST_94AB8,PART_967E9,3737,25
PARTLIST_94AB8,PART_D0C35,4588,39
PARTLIST_94AB8,PART_0C366,4625,55
PARTLIST_94AB8,PART_C25C4,169,19
PARTLIST_94AB8,PART_B2236,4124,55
PARTLIST_94AB8,PART_6F08C,1849,16
PARTLIST_94AB8,PART_DFA34,1895,15
PARTLIST_375AF,PART_82E9B,2867,22
PARTLIST_375AF,PART_6DB4B,487,14
PARTLIST_375AF,PART_7E514,2253,35
PARTLIST_375AF,PART_CDC67,190,8
PARTLIST_375AF,PART_2FE63,4685,40
PARTLIST_375AF,PART_DD3D3,4295,68
PARTLIST_375AF,PART_FE17C,1352,16
PARTLIST_375AF,PART_0F280,2198,27
PARTLIST_375AF,PART_5E8BD,3443,20
PARTLIST_375AF,PART_37445,2033,20
PARTLIST_375AF,PART_9F9E5,1222,16
PARTLIST_375AF,PART_83E98,2068,29
PARTLIST_375AF,PART_D298F,3327,23
PARTLIST_375AF,PART_2E7D9,1007,15
PARTLIST_375AF,PART_12171,4270,51
PARTLIST_375AF,PART_D191B,2459,23
PARTLIST_375AF,PART_8BE05,4810,66
PARTLIST_375AF,PART_6C92F,4391,70
PARTLIST_375AF,PART_F3280,2064,29
PARTLIST_375AF,PART_879D7,1414,7
PARTLIST_375AF,PART_09288,2014,30
PARTLIST_375AF,PART_163E2,4613,56
PARTLIST_375AF,PART_ECB6B,2683,22
PARTLIST_375AF,PART_BCBCB,4026,34
PARTLIST_375AF,PART_3F374,2378,23
PARTLIST_375AF,PART_13BEF,1208,18
PARTLIST_375AF,PART_F8776,2076,31
PARTLIST_375AF,PART_7472B,3719,22
PARTLIST_375AF,PART_57D7F,2373,34
PARTLIST_375AF,PART_BAB29,4834,53
PARTLIST_375AF,PART_5001E,2378,28
PARTLIST_375AF,PART_91406,1860,17
PARTLIST_375AF,PART_D1C16,1513,8
PARTLIST_375AF,PART_45A35,1783,6
PARTLIST_375AF,PART_7CB4A,4844,37
PARTLIST_375AF,PART_874C4,4704,57
PARTLIST_375AF,PART_2C0AC,4178,48
PARTLIST_375AF,PART_16EF2,1215,6
PARTLIST_375AF,PART_16689,1133,16
PARTLIST_375AF,PART_32A84,4510,31
PARTLIST_375AF,PART_15830,4730,70
PARTLIST_375AF,PART_B8BF4,3849,34
PARTLIST_375AF,PART_41649,1113,6
PARTLIST_375AF,PART_B95AA,210,13
PARTLIST_375AF,PART_5DEA9,684,11
PARTLIST_375AF,PART_26F41,1659,17
PARTLIST_375AF,PART_5A960,888,5
PARTLIST_375AF,PART_71513,2683,22
PARTLIST_375AF,PART_A2E41,2380,23
PARTLIST_375AF,PART_AD527,1959,14
PARTLIST_375AF,PART_D64DC,2864,27
PARTLIST_375AF,PART_8A1F2,3407,33
PARTLIST_375AF,PART_4B8A0,4681,36
PARTLIST_375AF,PART_4896E,2784,28
PARTLIST_375AF,PART_07103,2485,39
PARTLIST_375AF,PART_5A07E,606,8
PARTLIST_375AF,PART_38456,4371,54
PARTLIST_375AF,PART_0BD59,2434,25
PARTLIST_375AF,PART_1A191,4258,59
PARTLIST_375AF,PART_4DC4A,1014,16
PARTLIST_375AF,PART_A5932,1942,17
PARTLIST_375AF,PART_393B6,4405,38
PARTLIST_375AF,PART_91734,1407,16
PARTLIST_375AF,PART_B39F6,2826,24
PARTLIST_375AF,PART_66C05,2359,30
PARTLIST_375AF,PART_72DAF,697,5
PARTLIST_375AF,PART_36120,4907,67
PARTLIST_375AF,PART_36791,2791,33
PARTLIST_375AF,PART_F5E65,4355,41
PARTLIST_375AF,PART_292C8,2154,30
PARTLIST_375AF,PART_4ABD9,1733,7
PARTLIST_375AF,PART_65625,2196,31
PARTLIST_375AF,PART_73BFC,4744,34
PARTLIST_375AF,PART_A0747,4403,46
PARTLIST_375AF,PART_235F8,1543,7
PARTLIST_375AF,PART_D83E1,3425,37
PARTLIST_375AF,PART_4D21B,4977,30
PARTLIST_375AF,PART_3C5E5,255,14
PARTLIST_375AF,PART_B5103,553,13
PARTLIST_375AF,PART_29833,3767,23
PARTLIST_375AF,PART_430B6,686,17
PARTLIST_375AF,PART_4844B,4240,45
PARTLIST_375AF,PART_AE83A,4411,63
PARTLIST_375AF,PART_CFADF,648,12
PARTLIST_375AF,PART_7A39E,792,10
PARTLIST_375AF,PART_8E34E,3164,30
PARTLIST_375AF,PART_0F4FF,3195,39
PARTLIST_375AF,PART_C8DFB,4183,62
PARTLIST_5882D,PART_D1A79,1203,9
PARTLIST_5882D,PART_B5514,3987,33
PARTLIST_5882D,PART_0DFDC,25,6
PARTLIST_5882D,PART_E9830,3976,29
PARTLIST_5882D,PART_9668F,3421,23
PARTLIST_5882D,PART_E3F13,4570,44
PARTLIST_5882D,PART_2E1D6,714,20
PARTLIST_5882D,PART_FA0BB,1629,16
PARTLIST_5882D,PART_269AE,3381,32
PARTLIST_5882D,PART_98B74,874,17
PARTLIST_5882D,PART_6CCEF,100,17
PARTLIST_5882D,PART_19509,452,10
PARTLIST_5882D,PART_52F4E,1487,10
PARTLIST_5882D,PART_0008A,262,19
PARTLIST_5882D,PART_F0D66,2265,37
PARTLIST_5882D,PART_AC021,3736,35
PARTLIST_5882D,PART_7E048,3879,40
PARTLIST_5882D,PART_BD3E0,2994,36
PARTLIST_5882D,PART_88A3E,1549,6
PARTLIST_5882D,PART_D440D,2880,27
PARTLIST_5882D,PART_1AF17,1110,14
PARTLIST_5882D,PART_E1D8A,2337,36
PARTLIST_5882D,PART_E4D6F,1260,12
PARTLIST_5882D,PART_CCBED,4933,43
PARTLIST_5882D,PART_A729D,2177,21
PARTLIST_5882D,PART_3FF6F,2648,32
PARTLIST_5882D,PART_A1BE7,3435,32
PARTLIST_5882D,PART_F8A10,4375,49
PARTLIST_5882D,PART_A9C53,3871,28
PARTLIST_5882D,PART_17D99,374,12
PARTLIST_5882D,PART_C9222,125,17
PARTLIST_5882D,PART_27CE4,2303,40
PARTLIST_5882D,PART_5A28F,4693,53
PARTLIST_5882D,PART_30B48,23,20
PARTLIST_5882D,PART_C3E20,3812,32
PARTLIST_5882D,PART_CBEFE,993,8
PARTLIST_5882D,PART_D9284,1224,11
PARTLIST_5882D,PART_05C8F,1451,13
PARTLIST_5882D,PART_E9280,4139,30
PARTLIST_5882D,PART_72B53,4927,32
PARTLIST_5882D,PART_A8C30,458,6
PARTLIST_5882D,PART_11A61,3391,40
PARTLIST_5882D,PART_D40F4,207,12
PARTLIST_5882D,PART_AEA35,4451,63
PARTLIST_5882D,PART_7E613,3258,25
PARTLIST_5882D,PART_507D3,4855,58
PARTLIST_5882D,PART_B0C33,2480,29
PARTLIST_5882D,PART_BAED1,3094,29
PARTLIST_5882D,PART_82081,3184,33
PARTLIST_5882D,PART_9C2DD,541,11
PARTLIST_5882D,PART_8C757,649,6
PARTLIST_5882D,PART_1CBE6,1227,19
PARTLIST_D978D,PART_EE325,3604,38
PARTLIST_D978D,PART_E136D,2521,35
PARTLIST_D978D,PART_3163B,1320,13
PARTLIST_D978D,PART_3D666,2537,25
PARTLIST_D978D,PART_FD51B,581,16
PARTLIST_D978D,PART_B0902,826,8
PARTLIST_D978D,PART_07106,3066,39
PARTLIST_D978D,PART_74C3F,1222,18
PARTLIST_D978D,PART_5FF50,4547,57
PARTLIST_D978D,PART_37A98,2435,20
PARTLIST_D978D,PART_DC846,956,11
PARTLIST_D978D,PART_08BF1,4687,31
PARTLIST_D978D,PART_EBAA5,4715,59
PARTLIST_D978D,PART_8C33C,1288,10
PARTLIST_D978D,PART_B523F,2294,39
PARTLIST_D978D,PART_A7AC4,4464,65
PARTLIST_D978D,PART_ADAA0,1177,5
PARTLIST_D978D,PART_801B6,4853,43
PARTLIST_D978D,PART_94302,3743,31
PARTLIST_D978D,PART_8814A,4180,30
PARTLIST_D978D,PART_162AB,2611,29
PARTLIST_D978D,PART_F6F59,3477,30
PARTLIST_D978D,PART_B0BE4,2481,34
PARTLIST_D978D,PART_8C3FE,3129,26
PARTLIST_D978D,PART_596A4,721,20
PARTLIST_D978D,PART_13E7A,3880,22
PARTLIST_D978D,PART_3466A,3486,25
PARTLIST_D978D,PART_03CC1,4045,54
PARTLIST_D978D,PART_B174E,2315,20
PARTLIST_D978D,PART_C577A,4382,56
PARTLIST_D978D,PART_A4177,4313,57
PARTLIST_D978D,PART_DC6CF,2119,30
PARTLIST_D978D,PART_C2143,496,15
PARTLIST_D978D,PART_8E74A,2762,36
PARTLIST_D978D,PART_25278,850,12
PARTLIST_D978D,PART_9476D,3081,25
PARTLIST_D978D,PART_5C00E,4944,65
PARTLIST_D978D,PART_12341,2901,36
PARTLIST_D978D,PART_F5396,2309,28
PARTLIST_D978D,PART_6D2B8,3788,34
PARTLIST_D978D,PART_1DECE,4209,47
PARTLIST_D978D,PART_925CF,2476,26
PARTLIST_D978D,PART_E478C,947,5
PARTLIST_D978D,PART_D7274,3776,34
PARTLIST_D978D,PART_C73F6,4710,68
PARTLIST_D978D,PART_4C91C,4781,55
PARTLIST_D978D,PART_BA70E,3250,20
PARTLIST_D978D,PART_BA3F8,1636,20
PARTLIST_D978D,PART_92471,158,20
PARTLIST_D978D,PART_8E362,2537,26
PARTLIST_D978D,PART_8C4F9,1119,6
PARTLIST_D978D,PART_F4ED8,4881,39
PARTLIST_D978D,PART_CCF2C,3022,39
PARTLIST_D978D,PART_E3DAE,3291,31
PARTLIST_D978D,PART_8A5BE,2489,26
PARTLIST_D978D,PART_DE453,4157,42
PARTLIST_D978D,PART_3E948,481,13
PARTLIST_D978D,PART_CB6B9,931,7
PARTLIST_D978D,PART_CF197,1233,6
PARTLIST_D978D,PART_A85B4,1171,9
PARTLIST_D978D,PART_84D75,3725,36
PARTLIST_D978D,PART_D3ED4,591,7
PARTLIST_D978D,PART_E6E1D,4941,37
PARTLIST_D978D,PART_7AA07,4773,56
PARTLIST_D978D,PART_D2C42,1362,11
PARTLIST_D978D,PART_E5884,3564,28
PARTLIST_D978D,PART_E4E37,672,8
PARTLIST_D978D,PART_E3D76,3795,39
PARTLIST_D978D,PART_DC79B,606,7
PARTLIST_D978D,PART_94AE4,2212,22
PARTLIST_62418,PART_C4754,687,16
PARTLIST_62418,PART_5E387,3181,39
PARTLIST_62418,PART_725A4,4644,60
PARTLIST_62418,PART_D76AB,194,15
PARTLIST_62418,PART_46940,4855,45
PARTLIST_62418,PART_6CC58,3661,21
PARTLIST_62418,PART_02E49,2018,35
PARTLIST_62418,PART_0807F,3475,39
PARTLIST_62418,PART_BA9F8,255,15
PARTLIST_62418,PART_57C80,216,19
PARTLIST_62418,PART_6BF0B,2047,37
PARTLIST_62418,PART_8F7EA,3505,39
PARTLIST_62418,PART_CF129,4282,53
PARTLIST_62418,PART_F413E,4593,66
PARTLIST_62418,PART_2E640,2517,21
PARTLIST_62418,PART_CA1EC,2980,23
PARTLIST_62418,PART_58048,1080,9
PARTLIST_62418,PART_6758A,2514,36
PARTLIST_62418,PART_BC424,43,15
PARTLIST_62418,PART_4D3D1,34,8
PARTLIST_62418,PART_0261D,2566,37
PARTLIST_62418,PART_0ADE4,2846,25
PARTLIST_62418,PART_C6B2A,162,17
PARTLIST_62418,PART_A0DFD,2759,29
PARTLIST_62418,PART_4CE9B,1655,7
PARTLIST_62418,PART_C00F8,3335,27
PARTLIST_62418,PART_C693D,4667,43
PARTLIST_62418,PART_F92EF,2203,38
PARTLIST_62418,PART_96BE7,1604,6
PARTLIST_62418,PART_CF761,2850,25
PARTLIST_62418,PART_CF77F,4670,34
PARTLIST_62418,PART_5B314,3884,40
PARTLIST_62418,PART_3DB91,317,20
PARTLIST_62418,PART_E2C79,1033,7
PARTLIST_62418,PART_E6ED2,336,18
PARTLIST_62418,PART_89499,3629,27
PARTLIST_62418,PART_39E9B,3750,22
PARTLIST_62418,PART_1EB99,2527,27
PARTLIST_62418,PART_1A6F3,2718,24
PARTLIST_62418,PART_0A021,3835,31
PARTLIST_62418,PART_37F2D,3650,20
PARTLIST_62418,PART_5CE69,66,20
PARTLIST_62418,PART_6C341,3921,31
PARTLIST_62418,PART_5525E,4177,68
PARTLIST_62418,PART_36753,3140,30
PARTLIST_62418,PART_A0DBE,4083,34
PARTLIST_62418,PART_5B9BC,3542,32
PARTLIST_62418,PART_FC74A,4430,39
PARTLIST_62418,PART_F4C23,2134,30
PARTLIST_62418,PART_F27A0,2573,30
PARTLIST_62418,PART_190BC,1011,6
PARTLIST_62418,PART_C8D24,4068,53
PARTLIST_62418,PART_2330F,4169,33
PARTLIST_62418,PART_E0C2F,2197,36
PARTLIST_62418,PART_3D668,3227,36
PARTLIST_62418,PART_E4CC9,1954,20
PARTLIST_62418,PART_3A995,1582,19
PARTLIST_62418,PART_2C096,3103,34
PARTLIST_62418,PART_0C875,4993,66
PARTLIST_4DAE5,PART_1BD3A,2052,39
PARTLIST_4DAE5,PART_D0B8D,2729,24
PARTLIST_4DAE5,PART_52676,1949,18
PARTLIST_4DAE5,PART_39E53,1027,6
PARTLIST_4DAE5,PART_00E63,4339,69
PARTLIST_4DAE5,PART_6EBD2,3993,37
PARTLIST_4DAE5,PART_C94D9,4303,53
PARTLIST_4DAE5,PART_2A085,2212,37
PARTLIST_4DAE5,PART_543DE,121,9
PARTLIST_4DAE5,PART_1EC43,2046,32
PARTLIST_4DAE5,PART_D65D2,1210,17
PARTLIST_4DAE5,PART_20DC3,3284,27
PARTLIST_4DAE5,PART_7921A,2805,34
PARTLIST_4DAE5,PART_771E9,3289,28
PARTLIST_4DAE5,PART_2417E,705,19
PARTLIST_4DAE5,PART_E1DC0,1515,18
PARTLIST_4DAE5,PART_21E5B,116,6
PARTLIST_4DAE5,PART_EEA37,1305,11
PARTLIST_4DAE5,PART_9FDE5,2001,31
PARTLIST_4DAE5,PART_B0DE9,1825,20
PARTLIST_4DAE5,PART_FD95B,3981,37
PARTLIST_4DAE5,PART_FFD69,982,15
PARTLIST_4DAE5,PART_04B81,4190,50
PARTLIST_4DAE5,PART_A771D,1722,5
PARTLIST_4DAE5,PART_1F376,4468,55
PARTLIST_4DAE5,PART_525AB,459,7
PARTLIST_4DAE5,PART_6BC83,3625,37
PARTLIST_4DAE5,PART_67D54,2900,29
PARTLIST_4DAE5,PART_31437,3355,27
PARTLIST_4DAE5,PART_B254C,1944,16
PARTLIST_4DAE5,PART_8978D,3638,23
PARTLIST_4DAE5,PART_E91D6,4897,58
PARTLIST_4DAE5,PART_A13F2,1299,5
PARTLIST_4DAE5,PART_5DBCE,752,10
PARTLIST_4DAE5,PART_7E1DA,3818,37
PARTLIST_4DAE5,PART_7285A,1828,17
PARTLIST_4DAE5,PART_CD417,3886,28
PARTLIST_4DAE5,PART_599AC,1626,16
PARTLIST_4DAE5,PART_33D0D,1414,10
PARTLIST_4DAE5,PART_5A4AB,2347,34
PARTLIST_4DAE5,PART_85B35,3176,34
PARTLIST_4DAE5,PART_6803B,3265,20
PARTLIST_4DAE5,PART_D1DB0,3055,36
PARTLIST_4DAE5,PART_52C8D,1829,7
PARTLIST_4DAE5,PART_3358D,924,15
PARTLIST_4DAE5,PART_EE207,3404,40
PARTLIST_4DAE5,PART_95310,2764,24
PARTLIST_4DAE5,PART_BF366,4361,69
PARTLIST_4DAE5,PART_F7A94,2195,28
PARTLIST_4DAE5,PART_9A559,4279,41
PARTLIST_4DAE5,PART_88F77,2041,39
PARTLIST_4DAE5,PART_12C54,3976,30
PARTLIST_4DAE5,PART_6CA28,1935,9
PARTLIST_4DAE5,PART_8239E,1549,19
PARTLIST_4DAE5,PART_09034,2292,36
PARTLIST_4DAE5,PART_DAA23,1593,12
PARTLIST_4DAE5,PART_D22C1,3475,30
PARTLIST_4DAE5,PART_F9C63,1605,6
PARTLIST_4DAE5,PART_02CC9,668,6
PARTLIST_4DAE5,PART_1B485,4522,31
PARTLIST_4DAE5,PART_DCEBA,2148,22
PARTLIST_4DAE5,PART_B9C06,3581,21
PARTLIST_4DAE5,PART_FDFD6,3028,28
